Secadero 1,Pasalera completa,,https://drive.google.com/file/d/1WuPVKp3TmUtj7-_zxvqmRl4VK-wyb5r6/view?usp=drive_link
Secadero 1,Escaleras,,https://drive.google.com/file/d/1JqBrETPbTTCEuRwPCS9vQ1g4FdS7cf_V/view?usp=drive_link
Secadero 1,Pasarela motriz,Fase I,https://drive.google.com/file/d/1fIGDO9hgL5KKSh_8z8XRrZhCA1LuleeM/view?usp=drive_link
Secadero 1,Pasarela motriz,Fase I,https://drive.google.com/file/d/195ROvCx_R1jbILa9rCgGmGbFf5PpLVCX/view?usp=drive_link
Secadero 1,Pasarela motriz,Fase I,https://drive.google.com/file/d/1Giby3zIGDpLTLP7oO9MepFDzb3K_Fe5Y/view?usp=drive_link
Secadero 1,Pasarela motriz,Fase I,https://drive.google.com/file/d/1zpVO85p5Mi0c_bfC7u1xpxYUrL6ffU79/view?usp=drive_link
Secadero 1,Pasarela motriz,Fase I,https://drive.google.com/file/d/1S_N-t0QOAdWtrnidgqj5jIqwaN-VDvTq/view?usp=drive_link
Secadero 1,Pasarela motriz,Fase I,https://drive.google.com/file/d/1w7j7JU3xpUw44_gNnN-2p8qbWdGfpMve/view?usp=drive_link
Secadero 1,Pasarela motriz,Fase I,https://drive.google.com/file/d/1hOMMFtKjkynWPhiB2Ok11TT_2ILY4Xuj/view?usp=drive_link
Secadero 1,Pasarela motriz,Fase II,https://drive.google.com/file/d/15nFpTFqrMB9EW3ON7XC7DeLgfKyhGGk9/view?usp=drive_link
Secadero 1,Pasarela motriz,Fase II,https://drive.google.com/file/d/1zAT-2JwNzVhG7AJtP0YZ13PrCuTxCOJT/view?usp=drive_link
Secadero 1,Pasarela motriz,Fase II,https://drive.google.com/file/d/1zib_1C5CCnfidfOtIuWFbASsj8Ppo26S/view?usp=drive_link
Secadero 1,Pasarela motriz,Fase II,https://drive.google.com/file/d/1iSp1ZXm3GelK5c_sgN82gznY_xWmHjOw/view?usp=sharing
Secadero 1,Pasarela motriz,Fase II,https://drive.google.com/file/d/1znMalZwXzm5JFHzm8wdY2FhEfd-6-39x/view?usp=drive_link
Secadero 1,Pasarela motriz,Fase II,https://drive.google.com/file/d/17ZKh_XwKM2nvRE8Q9aGCm60HsBGMAQ42/view?usp=drive_link
Secadero 1,Pasarela motriz,Fase II,https://drive.google.com/file/d/10fKnX6Uwp5b3RnYBmB9VfPxT0VEg-GAA/view?usp=drive_link
Secadero 1,Pasarela conducido,Fase I,https://drive.google.com/file/d/1Tcgc1YLA6lRW13Mf3Wj-l5dVJ6LhztDX/view?usp=drive_link
Secadero 1,Pasarela conducido,Fase I,https://drive.google.com/file/d/1zAnD9WnnNZL1T9YeL5gVDOYD4mBYnVxw/view?usp=drive_link
Secadero 1,Pasarela conducido,Fase II,https://drive.google.com/file/d/1S4d-rR5PFLIdY2Du4pwAocUepRX7O4l_/view?usp=drive_link
Secadero 1,Pasarela conducido,Fase II,https://drive.google.com/file/d/1Nqq5ZodrgV9pOZFpjJiWn1L238Z1vFK6/view?usp=drive_link
Secadero 1,Pasarela conducido,Fase II,https://drive.google.com/file/d/1UGVNXiFHUAjmBIkqTcorqKqMyi86WNbr/view?usp=drive_link
Secadero 1,Pasarela conducido,Fase II,https://drive.google.com/file/d/1qKMcIEyDN8gf-E__guboGuDAhLPCykTa/view?usp=drive_link
Secadero 1,Pasarela conducido,Fase II,https://drive.google.com/file/d/1n1JJEd0JT2pEd7cKinrvyecoC_8gFktK/view?usp=drive_link
Secadero 1,Unión,,https://drive.google.com/file/d/1xOOs6zN_YqPXvclshQV1ctVUR_-4cjHB/view?usp=drive_link
,,,
,,,
Secadero 2,Pasalera completa,,https://drive.google.com/file/d/1HgggXS97_QtHyJ7kEPPI7vzjlW6cK7E6/view?usp=drive_link
Secadero 2,Pasarela motriz,Fase I,https://drive.google.com/file/d/1pc2q0AAkoWdVKX_GTp9NBNOAIs16_Sb0/view?usp=drive_link
Secadero 2,Pasarela motriz,Fase I,https://drive.google.com/file/d/1-4Z8TaWNfO5HuyLyYU4wjF-EhpBvD8Dy/view?usp=drive_link
Secadero 2,Pasarela motriz,Fase II,https://drive.google.com/file/d/1jxLhGjDMnAl9ZZnfYLAmtlMgLGt0LJw3/view?usp=drive_link
Secadero 2,Pasarela motriz,Fase II,https://drive.google.com/file/d/1xfzhWYVw8eTuL6j_Nkenh7rm38lvMFep/view?usp=drive_link
Secadero 2,Pasarela motriz,Fase II,https://drive.google.com/file/d/1eVSVMtIRBXxfZc9hFVn8C03tOHRO88g5/view?usp=drive_link
Secadero 2,Pasarela motriz,Fase II,https://drive.google.com/file/d/1t05j9vD85c7_kfT5jwsGd2VeEwGSgCuM/view?usp=drive_link
Secadero 2,Pasarela motriz,Fase II,https://drive.google.com/file/d/1NE6x0ZujGHleXd2M3-Kv_hwzqSLeaWj2/view?usp=drive_link
Secadero 2,Pasarela motriz,Fase II,https://drive.google.com/file/d/16rDYmfnDgqSNwrPfQxmqTaBO2Dnjt_Oo/view?usp=drive_link
Secadero 2,Pasarela motriz,Fase II,https://drive.google.com/file/d/1V7AwhsPByaxOBmNiA3XWDujkkCIF44Pm/view?usp=drive_link
,,,
,,,
Secadero 2,Pasarela conducido,,https://drive.google.com/file/d/15ZTLgxa2ODZnZ2krtH4s8Rb8hfsziMo6/view?usp=drive_link
Secadero 2,,,https://drive.google.com/file/d/12MsvNi8hvIhH5_WYu2vAVwa5f0fMcOkR/view?usp=drive_link
Secadero 2,,,https://drive.google.com/file/d/1LfkgULWmS1KXN0EjoB_oDwklmfRhnTvr/view?usp=drive_link
Secadero 2,,,https://drive.google.com/file/d/114D12zLKQPtc-RY4A9Tlqjvcej5B87_0/view?usp=drive_link
Secadero 2,Unión,,
,,,
,,,
,,,
Enfriador 1,Pasalera completa,,https://drive.google.com/file/d/1vw9CipypcHd7Yjn_lMgyy2rAPs-ju1ss/view?usp=drive_link
Enfriador 1,Pasarela motriz,,https://drive.google.com/file/d/1dOnofkQSPF8eAL_jMCRDVw4NgurTtpyl/view?usp=drive_link
Enfriador 1,,,https://drive.google.com/file/d/1ffUrSE9r6xjwiSpFlsgydomqPqwPl_Ec/view?usp=drive_link
Enfriador 1,,,https://drive.google.com/file/d/1sIwyEDKa1AGnFmGrWz-TWlrOJ5EU4mEt/view?usp=drive_link
Enfriador 1,,,https://drive.google.com/file/d/1oCnhG7OAMqlAYLu2Yn7L2htKih5Gi5x2/view?usp=drive_link
Enfriador 1,,,https://drive.google.com/file/d/17aBbQgFVqrdqowOWDYhuyxfk7TDyuP-O/view?usp=drive_link
Enfriador 1,,,https://drive.google.com/file/d/1Sx0chcZZvl6kcTfGKCh78xcN6nu4rs-f/view?usp=drive_link
Enfriador 1,Pasarela conducido,,https://drive.google.com/file/d/1Rm54XqEmSOq_Ag1rIQo08sN-4k2vg-Mv/view?usp=drive_link
Enfriador 1,,,https://drive.google.com/file/d/1ua3swab6kKQALWs9EtTTts4ibmM3K4nd/view?usp=drive_link
Enfriador 1,,,https://drive.google.com/file/d/1rNOsUrXAddUmfwpYJIt6o_1GYkaNMgyn/view?usp=drive_link
Enfriador 1,,,https://drive.google.com/file/d/11vSitXz9_iGQJ9ikFXup2Vfb-F_zLtBV/view?usp=drive_link
Enfriador 1,Unión,,https://drive.google.com/file/d/1OhXnHQwFVsEahWgvT4IKfMeNm9nArNsN/view?usp=drive_link
Enfriador 1,,,https://drive.google.com/file/d/1GBCxG2hpVSCn38BLmJvJyKu0XE89rPnA/view?usp=drive_link
,,,
,,,
Acondicionador,Pasalera completa,,https://drive.google.com/file/d/1HgggXS97_QtHyJ7kEPPI7vzjlW6cK7E6/view?usp=drive_link
Acondicionador,Pasarela motriz,,https://drive.google.com/file/d/1Hc72Zi_Qase7uuUry65jn9cLaCNPGN8-/view?usp=drive_link
Acondicionador,,,https://drive.google.com/file/d/1H1gH6gHJ7nVPX3ogIWMzNdCkEiZkmWyn/view?usp=drive_link
Acondicionador,,,https://drive.google.com/file/d/1isa0ghh0LHMQOxizNBwj6_75DQ1lLpp3/view?usp=drive_link
Acondicionador,,,https://drive.google.com/file/d/1e8-Ak9jnwTGXbwu3pyiPolMD2zWAMLb6/view?usp=drive_link
Acondicionador,,,https://drive.google.com/file/d/1cUVJn8DouU0Fok8_DIE859UvbR94c5fK/view?usp=drive_link
Acondicionador,Pasarela conducido,,https://drive.google.com/file/d/1wk-KALpWLtd8o1i8XY3ezQcZRhbm7oow/view?usp=drive_link
Acondicionador,,,https://drive.google.com/file/d/1uTBoNj-GZmBkMlZUW8TfoFQV0QHjlqAQ/view?usp=drive_link
Acondicionador,,,https://drive.google.com/file/d/1mkmm9j5dzmn5BNXwQY7mV0PlQozm4fcY/view?usp=drive_link
Acondicionador,,,https://drive.google.com/file/d/1xg8LkjYZ8m1WOEBgmFwdXqVf1ah2Ahac/view?usp=drive_link
Acondicionador,Unión,,https://drive.google.com/file/d/1F16u7dcawFRIlVubBvOm2ELzfWYIUkNo/view?usp=drive_link
,,,https://drive.google.com/file/d/1Ahnx2ZrIoh8Vnpguf8AY1PZBzf0nGdgh/view?usp=drive_link
